PaymentID,OrderID,PaymentDate,Amount,PaymentMethodID
101,151,2023-04-03 00:00:00,835.3,2
102,104,2023-04-04 00:00:00,775.74,2
103,131,2023-04-05 00:00:00,272.21,1
104,111,2023-04-06 00:00:00,419.04,2
105,179,2023-04-07 00:00:00,552.42,1
106,156,2023-04-08 00:00:00,595.31,1
107,189,2023-04-09 00:00:00,646.68,2
108,109,2023-04-10 00:00:00,489.72,1
109,111,2023-04-11 00:00:00,889.28,1
110,151,2023-04-12 00:00:00,432.82,1
111,154,2023-04-13 00:00:00,884.39,1
112,132,2023-04-14 00:00:00,330.48,2
113,177,2023-04-15 00:00:00,998.36,2
114,195,2023-04-16 00:00:00,240.07,1
115,182,2023-04-17 00:00:00,582.97,2
116,104,2023-04-18 00:00:00,607.88,2
117,170,2023-04-19 00:00:00,292.92,2
118,147,2023-04-20 00:00:00,278.81,2
119,147,2023-04-21 00:00:00,612.81,2
120,197,2023-04-22 00:00:00,361.56,1
121,182,2023-04-23 00:00:00,956.25,1
122,160,2023-04-24 00:00:00,933.87,2
123,192,2023-04-25 00:00:00,282.04,2
124,105,2023-04-26 00:00:00,512.31,1
125,174,2023-04-27 00:00:00,637.33,2
126,154,2023-04-28 00:00:00,669.7,1
127,117,2023-04-29 00:00:00,423.4,1
128,198,2023-04-30 00:00:00,849.76,2
129,156,2023-05-01 00:00:00,526.75,2
130,153,2023-05-02 00:00:00,497.16,1
131,111,2023-05-03 00:00:00,206.53,2
132,196,2023-05-04 00:00:00,636.2,1
133,132,2023-05-05 00:00:00,593.84,1
134,145,2023-05-06 00:00:00,201.0,1
135,108,2023-05-07 00:00:00,415.67,2
136,152,2023-05-08 00:00:00,907.91,2
137,154,2023-05-09 00:00:00,618.9,2
138,147,2023-05-10 00:00:00,812.88,2
139,120,2023-05-11 00:00:00,458.62,2
140,170,2023-05-12 00:00:00,992.9,2
141,185,2023-05-13 00:00:00,153.79,2
142,146,2023-05-14 00:00:00,218.23,2
143,179,2023-05-15 00:00:00,108.04,1
144,181,2023-05-16 00:00:00,967.66,2
145,198,2023-05-17 00:00:00,957.05,2
146,122,2023-05-18 00:00:00,718.47,1
147,197,2023-05-19 00:00:00,626.86,2
148,135,2023-05-20 00:00:00,707.92,1
149,165,2023-05-21 00:00:00,522.22,1
150,108,2023-05-22 00:00:00,709.78,2
151,115,2023-05-23 00:00:00,764.48,2
152,106,2023-05-24 00:00:00,328.43,2
153,198,2023-05-25 00:00:00,982.49,1
154,195,2023-05-26 00:00:00,478.69,1
155,154,2023-05-27 00:00:00,697.26,2
156,146,2023-05-28 00:00:00,373.51,2
157,167,2023-05-29 00:00:00,350.46,2
158,143,2023-05-30 00:00:00,566.63,2
159,174,2023-05-31 00:00:00,724.03,2
160,170,2023-06-01 00:00:00,494.58,1
161,123,2023-06-02 00:00:00,296.86,1
162,130,2023-06-03 00:00:00,541.82,2
163,111,2023-06-04 00:00:00,989.73,1
164,111,2023-06-05 00:00:00,912.1,1
165,112,2023-06-06 00:00:00,884.51,2
166,171,2023-06-07 00:00:00,890.6,2
167,132,2023-06-08 00:00:00,548.4,1
168,142,2023-06-09 00:00:00,139.41,2
169,108,2023-06-10 00:00:00,221.74,2
170,164,2023-06-11 00:00:00,575.98,1
171,182,2023-06-12 00:00:00,913.81,1
172,131,2023-06-13 00:00:00,368.34,1
173,174,2023-06-14 00:00:00,407.13,1
174,176,2023-06-15 00:00:00,452.01,1
175,111,2023-06-16 00:00:00,642.26,2
176,179,2023-06-17 00:00:00,318.5,1
177,125,2023-06-18 00:00:00,711.42,1
178,171,2023-06-19 00:00:00,172.43,2
179,144,2023-06-20 00:00:00,235.85,1
180,188,2023-06-21 00:00:00,931.28,1
181,176,2023-06-22 00:00:00,410.51,1
182,151,2023-06-23 00:00:00,798.33,1
183,140,2023-06-24 00:00:00,308.5,1
184,196,2023-06-25 00:00:00,960.41,1
185,146,2023-06-26 00:00:00,182.34,2
186,170,2023-06-27 00:00:00,169.77,1
187,130,2023-06-28 00:00:00,816.44,1
188,108,2023-06-29 00:00:00,529.71,1
189,161,2023-06-30 00:00:00,119.66,1
190,138,2023-07-01 00:00:00,370.48,1
191,155,2023-07-02 00:00:00,334.93,2
192,192,2023-07-03 00:00:00,839.17,2
193,106,2023-07-04 00:00:00,731.78,2
194,182,2023-07-05 00:00:00,474.84,1
195,154,2023-07-06 00:00:00,871.12,2
196,180,2023-07-07 00:00:00,499.31,2
197,113,2023-07-08 00:00:00,149.94,2
198,171,2023-07-09 00:00:00,873.73,2
199,158,2023-07-10 00:00:00,117.23,2
200,117,2023-07-11 00:00:00,457.18,1
